Workbook
Name UTSANG: #REF!

Sheet UTPALAA
A1: ENVIRONMENT AND SAFETY EVALUATION
A3: Project: | C3: UTPALAA | D3: Period | E3: FEBRUARY | H3: 2026
F4: Status
A5: Overall Score: | C5: =C171 -> 0.67030361 | D5: E.A.S.E Category: | H5: =H171 -> BELOW AVERAGE
A7: Topic | B7: Sl. No. | C7: Evaluation Elements | D7: Status | E7: Assessment Value | F7: Score Applicable | G7: Marks Obtained | H7: Topic Percentage | I7: Gradation
A8: General Safety | B8: 1 | C8: Are Safety meetings conducted across the table at least once monthly and minutes communicated? | D8: Yes | E8: 3 | F8: =IF(D8="","",IF(D8="Yes",E8,IF(D8="Tending to Yes",E8,IF(D8="Tending to No",E8,IF(D8="No",E8,))))) -> 3 | G8: =IF(E8="NA","NA",IF(D8="Yes",E8,IF(D8="Tending to yes",E8/2,IF(D8="Tending to No",F8/4,IF(D8="No",0,IF(D8="","Input Status")))))) -> 3 | H8: =IF(SUMPRODUCT(F8:F25)=0,"NA",(SUMPRODUCT(G8:G25)/SUMPRODUCT(F8:F25))) -> 0.52941176 | I8: =IF(H8=" "," ",IF(H8=FQ8,"Not Applicable",IF(H8>89%,"EXCELLENT",IF(H8<60%,"BELOW AVERAGE",IF(H8<75%,"AVERAGE",IF(H8>74%,"GOOD")))))) -> BELOW AVERAGE | Y8: UTALIKA | Z8: JANUARY | AA8: 2025
B9: =+B8+1 -> 2 | C9: Are Safety tool-box talks conducted daily and records maintained? | D9: Yes | E9: 3 | F9: =IF(D9="","",IF(D9="Yes",E9,IF(D9="Tending to Yes",E9,IF(D9="Tending to No",E9,IF(D9="No",E9,))))) -> 3 | G9: =IF(E9="NA","NA",IF(D9="Yes",E9,IF(D9="Tending to yes",E9/2,IF(D9="Tending to No",F9/4,IF(D9="No",0,IF(D9="","Input Status")))))) -> 3 | Y9: USSHAR | Z9: FEBRUARY | AA9: 2026
B10: =+B9+1 -> 3 | C10: Are Safety induction provided to all new joinings and records maintained? | D10: Yes | E10: 3 | F10: =IF(D10="","",IF(D10="Yes",E10,IF(D10="Tending to Yes",E10,IF(D10="Tending to No",E10,IF(D10="No",E10,))))) -> 3 | G10: =IF(E10="NA","NA",IF(D10="Yes",E10,IF(D10="Tending to yes",E10/2,IF(D10="Tending to No",F10/4,IF(D10="No",0,IF(D10="","Input Status")))))) -> 3 | Y10: UTSODHARA | Z10: MARCH | AA10: 2027
B11: =+B10+1 -> 4 | C11: Is pre-employment medical checkup conducted for all newly joined workers? | D11: Yes | E11: 3 | F11: =IF(D11="","",IF(D11="Yes",E11,IF(D11="Tending to Yes",E11,IF(D11="Tending to No",E11,IF(D11="No",E11,))))) -> 3 | G11: =IF(E11="NA","NA",IF(D11="Yes",E11,IF(D11="Tending to yes",E11/2,IF(D11="Tending to No",F11/4,IF(D11="No",0,IF(D11="","Input Status")))))) -> 3 | Y11: UTPALAA | Z11: APRIL | AA11: 2028
B12: =+B11+1 -> 5 | C12: Is work beside water bodies being conducted without any risk whatsoever? | E12: NA | F12: =IF(D12="","",IF(D12="Yes",E12,IF(D12="Tending to Yes",E12,IF(D12="Tending to No",E12,IF(D12="No",E12,))))) | G12: =IF(E12="NA","NA",IF(D12="Yes",E12,IF(D12="Tending to yes",E12/2,IF(D12="Tending to No",F12/4,IF(D12="No",0,IF(D12="","Input Status")))))) -> NA | Y12: UDYAAT | Z12: MAY | AA12: 2029
B13: =+B12+1 -> 6 | C13: Are there display of Safety posters and messages in dimensions 3 feet by 4 feet? Minimum 20 numbers | D13: Yes | E13: 3 | F13: =IF(D13="","",IF(D13="Yes",E13,IF(D13="Tending to Yes",E13,IF(D13="Tending to No",E13,IF(D13="No",E13,))))) -> 3 | G13: =IF(E13="NA","NA",IF(D13="Yes",E13,IF(D13="Tending to yes",E13/2,IF(D13="Tending to No",F13/4,IF(D13="No",0,IF(D13="","Input Status")))))) -> 3 | Y13: ESBT | Z13: JUNE | AA13: 2030
B14: =+B13+1 -> 7 | C14: Are there display of Safety signage and warning/ caution signs in all the relevant areas? | D14: Yes | E14: 3 | F14: =IF(D14="","",IF(D14="Yes",E14,IF(D14="Tending to Yes",E14,IF(D14="Tending to No",E14,IF(D14="No",E14,))))) -> 3 | G14: =IF(E14="NA","NA",IF(D14="Yes",E14,IF(D14="Tending to yes",E14/2,IF(D14="Tending to No",F14/4,IF(D14="No",0,IF(D14="","Input Status")))))) -> 3 | Y14: URVISHA | Z14: JULY | AA14: 2031
B15: =+B14+1 -> 8 | C15: Are there display of Emergency contact numbers at prominent places in work area easily visible to the eye? | D15: Yes | E15: 3 | F15: =IF(D15="","",IF(D15="Yes",E15,IF(D15="Tending to Yes",E15,IF(D15="Tending to No",E15,IF(D15="No",E15,))))) -> 3 | G15: =IF(E15="NA","NA",IF(D15="Yes",E15,IF(D15="Tending to yes",E15/2,IF(D15="Tending to No",F15/4,IF(D15="No",0,IF(D15="","Input Status")))))) -> 3 | Y15: THE PARK | Z15: AUGUST | AA15: 2032
B16: =+B15+1 -> 9 | C16: Are Near Misses reported? | D16: No | E16: 3 | F16: =IF(D16="","",IF(D16="Yes",E16,IF(D16="Tending to Yes",E16,IF(D16="Tending to No",E16,IF(D16="No",E16,))))) -> 3 | G16: =IF(E16="NA","NA",IF(D16="Yes",E16,IF(D16="Tending to yes",E16/2,IF(D16="Tending to No",F16/4,IF(D16="No",0,IF(D16="","Input Status")))))) -> 0 | Z16: SEPTEMBER | AA16: 2033
B17: =+B16+1 -> 10 | C17: Are approach roads safe for vehicle and pedestrian movement? | D17: Tending to Yes | E17: 3 | F17: =IF(D17="","",IF(D17="Yes",E17,IF(D17="Tending to Yes",E17,IF(D17="Tending to No",E17,IF(D17="No",E17,))))) -> 3 | G17: =IF(E17="NA","NA",IF(D17="Yes",E17,IF(D17="Tending to yes",E17/2,IF(D17="Tending to No",F17/4,IF(D17="No",0,IF(D17="","Input Status")))))) -> 1.5 | Z17: OCTOBER | AA17: 2034
B18: =+B17+1 -> 11 | C18: Are there enough resting sheds for the labours inside the work zone? | D18: No | E18: 3 | F18: =IF(D18="","",IF(D18="Yes",E18,IF(D18="Tending to Yes",E18,IF(D18="Tending to No",E18,IF(D18="No",E18,))))) -> 3 | G18: =IF(E18="NA","NA",IF(D18="Yes",E18,IF(D18="Tending to yes",E18/2,IF(D18="Tending to No",F18/4,IF(D18="No",0,IF(D18="","Input Status")))))) -> 0 | Z18: NOVEMBER | AA18: 2035
B19: =+B18+1 -> 12 | C19: Are contractors served written warnings on repetitive / pending observations? | D19: No | E19: 3 | F19: =IF(D19="","",IF(D19="Yes",E19,IF(D19="Tending to Yes",E19,IF(D19="Tending to No",E19,IF(D19="No",E19,))))) -> 3 | G19: =IF(E19="NA","NA",IF(D19="Yes",E19,IF(D19="Tending to yes",E19/2,IF(D19="Tending to No",F19/4,IF(D19="No",0,IF(D19="","Input Status")))))) -> 0 | Z19: DECEMBER | AA19: 2036
B20: =+B19+1 -> 13 | C20: Do the execution team members conduct safety observations (5 observations/ per day/ per person)? | D20: No | E20: 3 | F20: =IF(D20="","",IF(D20="Yes",E20,IF(D20="Tending to Yes",E20,IF(D20="Tending to No",E20,IF(D20="No",E20,))))) -> 3 | G20: =IF(E20="NA","NA",IF(D20="Yes",E20,IF(D20="Tending to yes",E20/2,IF(D20="Tending to No",F20/4,IF(D20="No",0,IF(D20="","Input Status")))))) -> 0 | AA20: 2037
B21: =+B20+1 -> 14 | C21: Is percentage of rectification more than 90%? | D21: No | E21: 3 | F21: =IF(D21="","",IF(D21="Yes",E21,IF(D21="Tending to Yes",E21,IF(D21="Tending to No",E21,IF(D21="No",E21,))))) -> 3 | G21: =IF(E21="NA","NA",IF(D21="Yes",E21,IF(D21="Tending to yes",E21/2,IF(D21="Tending to No",F21/4,IF(D21="No",0,IF(D21="","Input Status")))))) -> 0 | AA21: 2038
B22: =+B21+1 -> 15 | C22: Do all the unsafe jobs receive a Job Discontinuation/stoppage/penalty notice from site management? | D22: Yes | E22: 3 | F22: =IF(D22="","",IF(D22="Yes",E22,IF(D22="Tending to Yes",E22,IF(D22="Tending to No",E22,IF(D22="No",E22,))))) -> 3 | G22: =IF(E22="NA","NA",IF(D22="Yes",E22,IF(D22="Tending to yes",E22/2,IF(D22="Tending to No",F22/4,IF(D22="No",0,IF(D22="","Input Status")))))) -> 3 | AA22: 2039
B23: =+B22+1 -> 16 | C23: Is the site free of High Risk (fatality potential) observations? | D23: No | E23: 3 | F23: =IF(D23="","",IF(D23="Yes",E23,IF(D23="Tending to Yes",E23,IF(D23="Tending to No",E23,IF(D23="No",E23,))))) -> 3 | G23: =IF(E23="NA","NA",IF(D23="Yes",E23,IF(D23="Tending to yes",E23/2,IF(D23="Tending to No",F23/4,IF(D23="No",0,IF(D23="","Input Status")))))) -> 0 | AA23: 2040
B24: =+B23+1 -> 17 | C24: Is there minimum 1 mock drill conducted per month and the documents are available? | D24: No | E24: 3 | F24: =IF(D24="","",IF(D24="Yes",E24,IF(D24="Tending to Yes",E24,IF(D24="Tending to No",E24,IF(D24="No",E24,))))) -> 3 | G24: =IF(E24="NA","NA",IF(D24="Yes",E24,IF(D24="Tending to yes",E24/2,IF(D24="Tending to No",F24/4,IF(D24="No",0,IF(D24="","Input Status")))))) -> 0
B25: =+B24+1 -> 18 | C25: Is there minimum 1 SHE campaigns orgnised such as safety stand-downs, demonstrations, etc. per month? | D25: Tending to Yes | E25: 3 | F25: =IF(D25="","",IF(D25="Yes",E25,IF(D25="Tending to Yes",E25,IF(D25="Tending to No",E25,IF(D25="No",E25,))))) -> 3 | G25: =IF(E25="NA","NA",IF(D25="Yes",E25,IF(D25="Tending to yes",E25/2,IF(D25="Tending to No",F25/4,IF(D25="No",0,IF(D25="","Input Status")))))) -> 1.5
A26: Housekeeping | B26: =+B25+1 -> 19 | C26: Is the site neat and clean? | D26: Tending to Yes | E26: 4 | F26: =IF(D26="","",IF(D26="Yes",E26,IF(D26="Tending to Yes",E26,IF(D26="Tending to No",E26,IF(D26="No",E26,))))) -> 4 | G26: =IF(E26="NA","NA",IF(D26="Yes",E26,IF(D26="Tending to yes",E26/2,IF(D26="Tending to No",F26/4,IF(D26="No",0,IF(D26="","Input Status")))))) -> 2 | H26: =IF(SUMPRODUCT(F26:F41)=0,"NA",(SUMPRODUCT(G26:G41)/SUMPRODUCT(F26:F41))) -> 0.45 | I26: =IF(H26="NA","NA",IF(H26>90%,"EXCELLENT",IF(H26<60%,"BELOW AVERAGE",IF(H26<75%,"AVERAGE",IF(H26>74%,"GOOD"))))) -> BELOW AVERAGE
B27: =+B26+1 -> 20 | C27: Are all access/ egress routes, pathways, staircases etc. free from risk of slip, trip & fall hazards | D27: Tending to Yes | E27: 4 | F27: =IF(D27="","",IF(D27="Yes",E27,IF(D27="Tending to Yes",E27,IF(D27="Tending to No",E27,IF(D27="No",E27,))))) -> 4 | G27: =IF(E27="NA","NA",IF(D27="Yes",E27,IF(D27="Tending to yes",E27/2,IF(D27="Tending to No",F27/4,IF(D27="No",0,IF(D27="","Input Status")))))) -> 2
B28: =+B27+1 -> 21 | C28: Is the site free from signs of oil spillage and other agents that can pollute the top soil? | D28: Tending to Yes | E28: 4 | F28: =IF(D28="","",IF(D28="Yes",E28,IF(D28="Tending to Yes",E28,IF(D28="Tending to No",E28,IF(D28="No",E28,))))) -> 4 | G28: =IF(E28="NA","NA",IF(D28="Yes",E28,IF(D28="Tending to yes",E28/2,IF(D28="Tending to No",F28/4,IF(D28="No",0,IF(D28="","Input Status")))))) -> 2
B29: =+B28+1 -> 22 | C29: Are walking paths for pedestrians marked and separated from vehical routes? | D29: No | E29: 4 | F29: =IF(D29="","",IF(D29="Yes",E29,IF(D29="Tending to Yes",E29,IF(D29="Tending to No",E29,IF(D29="No",E29,))))) -> 4 | G29: =IF(E29="NA","NA",IF(D29="Yes",E29,IF(D29="Tending to yes",E29/2,IF(D29="Tending to No",F29/4,IF(D29="No",0,IF(D29="","Input Status")))))) -> 0
B30: =+B29+1 -> 23 | C30: Are construction materials, earth, etc. stacked and stored that they do not roll or collapse? | D30: Yes | E30: 4 | F30: =IF(D30="","",IF(D30="Yes",E30,IF(D30="Tending to Yes",E30,IF(D30="Tending to No",E30,IF(D30="No",E30,))))) -> 4 | G30: =IF(E30="NA","NA",IF(D30="Yes",E30,IF(D30="Tending to yes",E30/2,IF(D30="Tending to No",F30/4,IF(D30="No",0,IF(D30="","Input Status")))))) -> 4
B31: =+B30+1 -> 24 | C31: Is the average illumination level of the entire project site more than equal to 150 Lux? | D31: Tending to Yes | E31: 4 | F31: =IF(D31="","",IF(D31="Yes",E31,IF(D31="Tending to Yes",E31,IF(D31="Tending to No",E31,IF(D31="No",E31,))))) -> 4 | G31: =IF(E31="NA","NA",IF(D31="Yes",E31,IF(D31="Tending to yes",E31/2,IF(D31="Tending to No",F31/4,IF(D31="No",0,IF(D31="","Input Status")))))) -> 2
B32: =+B31+1 -> 25 | C32: Are chemicals and oils stored as per recommendations in the MSDS? | D32: No | E32: 4 | F32: =IF(D32="","",IF(D32="Yes",E32,IF(D32="Tending to Yes",E32,IF(D32="Tending to No",E32,IF(D32="No",E32,))))) -> 4 | G32: =IF(E32="NA","NA",IF(D32="Yes",E32,IF(D32="Tending to yes",E32/2,IF(D32="Tending to No",F32/4,IF(D32="No",0,IF(D32="","Input Status")))))) -> 0
B33: =+B32+1 -> 26 | C33: Is the site free from rods protruding from ground or sharp objects along height of a person's face? | D33: Tending to Yes | E33: 4 | F33: =IF(D33="","",IF(D33="Yes",E33,IF(D33="Tending to Yes",E33,IF(D33="Tending to No",E33,IF(D33="No",E33,))))) -> 4 | G33: =IF(E33="NA","NA",IF(D33="Yes",E33,IF(D33="Tending to yes",E33/2,IF(D33="Tending to No",F33/4,IF(D33="No",0,IF(D33="","Input Status")))))) -> 2
B34: =+B33+1 -> 27 | C34: Are debris disposal chutes available to dispose debris from elevated floors? | E34: NA | F34: =IF(D34="","",IF(D34="Yes",E34,IF(D34="Tending to Yes",E34,IF(D34="Tending to No",E34,IF(D34="No",E34,))))) | G34: =IF(E34="NA","NA",IF(D34="Yes",E34,IF(D34="Tending to yes",E34/2,IF(D34="Tending to No",F34/4,IF(D34="No",0,IF(D34="","Input Status")))))) -> NA
B35: =+B34+1 -> 28 | C35: Is site free from water stagnation? | D35: No | E35: 4 | F35: =IF(D35="","",IF(D35="Yes",E35,IF(D35="Tending to Yes",E35,IF(D35="Tending to No",E35,IF(D35="No",E35,))))) -> 4 | G35: =IF(E35="NA","NA",IF(D35="Yes",E35,IF(D35="Tending to yes",E35/2,IF(D35="Tending to No",F35/4,IF(D35="No",0,IF(D35="","Input Status")))))) -> 0
B36: =+B35+1 -> 29 | C36: Are all job locations in the project easily approachable by all? | D36: Yes | E36: 4 | F36: =IF(D36="","",IF(D36="Yes",E36,IF(D36="Tending to Yes",E36,IF(D36="Tending to No",E36,IF(D36="No",E36,))))) -> 4 | G36: =IF(E36="NA","NA",IF(D36="Yes",E36,IF(D36="Tending to yes",E36/2,IF(D36="Tending to No",F36/4,IF(D36="No",0,IF(D36="","Input Status")))))) -> 4
B37: =+B36+1 -> 30 | C37: Is there a smoking booth available and being used? No one found smoking in the work place. | D37: No | E37: 4 | F37: =IF(D37="","",IF(D37="Yes",E37,IF(D37="Tending to Yes",E37,IF(D37="Tending to No",E37,IF(D37="No",E37,))))) -> 4 | G37: =IF(E37="NA","NA",IF(D37="Yes",E37,IF(D37="Tending to yes",E37/2,IF(D37="Tending to No",F37/4,IF(D37="No",0,IF(D37="","Input Status")))))) -> 0
B38: =+B37+1 -> 31 | C38: Is scrap/debris kept separately and safely in designated/ demarcated areas | D38: Yes | E38: 4 | F38: =IF(D38="","",IF(D38="Yes",E38,IF(D38="Tending to Yes",E38,IF(D38="Tending to No",E38,IF(D38="No",E38,))))) -> 4 | G38: =IF(E38="NA","NA",IF(D38="Yes",E38,IF(D38="Tending to yes",E38/2,IF(D38="Tending to No",F38/4,IF(D38="No",0,IF(D38="","Input Status")))))) -> 4
B39: =+B38+1 -> 32 | C39: Are deshuttered materials stacked neatly in an uncluttered manner? | D39: Tending to Yes | E39: 4 | F39: =IF(D39="","",IF(D39="Yes",E39,IF(D39="Tending to Yes",E39,IF(D39="Tending to No",E39,IF(D39="No",E39,))))) -> 4 | G39: =IF(E39="NA","NA",IF(D39="Yes",E39,IF(D39="Tending to yes",E39/2,IF(D39="Tending to No",F39/4,IF(D39="No",0,IF(D39="","Input Status")))))) -> 2
B40: =+B39+1 -> 33 | C40: Are defective materials segregated from sound materials? | D40: Tending to No | E40: 4 | F40: =IF(D40="","",IF(D40="Yes",E40,IF(D40="Tending to Yes",E40,IF(D40="Tending to No",E40,IF(D40="No",E40,))))) -> 4 | G40: =IF(E40="NA","NA",IF(D40="Yes",E40,IF(D40="Tending to yes",E40/2,IF(D40="Tending to No",F40/4,IF(D40="No",0,IF(D40="","Input Status")))))) -> 1
B41: =+B40+1 -> 34 | C41: Are Flammable materials stored separately? | D41: Tending to Yes | E41: 4 | F41: =IF(D41="","",IF(D41="Yes",E41,IF(D41="Tending to Yes",E41,IF(D41="Tending to No",E41,IF(D41="No",E41,))))) -> 4 | G41: =IF(E41="NA","NA",IF(D41="Yes",E41,IF(D41="Tending to yes",E41/2,IF(D41="Tending to No",F41/4,IF(D41="No",0,IF(D41="","Input Status")))))) -> 2
A42: Personal Protective Equipment and work apparels | B42: =+B41+1 -> 35 | C42: Is there 100% implementation of safety helmet with chin-straps? | D42: Tending to Yes | E42: 5 | F42: =IF(D42="","",IF(D42="Yes",E42,IF(D42="Tending to Yes",E42,IF(D42="Tending to No",E42,IF(D42="No",E42,))))) -> 5 | G42: =IF(E42="NA","NA",IF(D42="Yes",E42,IF(D42="Tending to yes",E42/2,IF(D42="Tending to No",F42/4,IF(D42="No",0,IF(D42="","Input Status")))))) -> 2.5 | H42: =IF(SUMPRODUCT(F42:F48)=0,"NA",(SUMPRODUCT(G42:G48)/SUMPRODUCT(F42:F48))) -> 0.73214286 | I42: =IF(H42="NA","NA",IF(H42>90%,"EXCELLENT",IF(H42<60%,"BELOW AVERAGE",IF(H42<75%,"AVERAGE",IF(H42>74%,"GOOD"))))) -> AVERAGE
B43: =+B42+1 -> 36 | C43: Is there 100% implementation of safety shoes? | D43: Tending to Yes | E43: 5 | F43: =IF(D43="","",IF(D43="Yes",E43,IF(D43="Tending to Yes",E43,IF(D43="Tending to No",E43,IF(D43="No",E43,))))) -> 5 | G43: =IF(E43="NA","NA",IF(D43="Yes",E43,IF(D43="Tending to yes",E43/2,IF(D43="Tending to No",F43/4,IF(D43="No",0,IF(D43="","Input Status")))))) -> 2.5
B44: =+B43+1 -> 37 | C44: Is there 100% use of goggles ensured for chipping/ hacking jobs? | D44: Yes | E44: 5 | F44: =IF(D44="","",IF(D44="Yes",E44,IF(D44="Tending to Yes",E44,IF(D44="Tending to No",E44,IF(D44="No",E44,))))) -> 5 | G44: =IF(E44="NA","NA",IF(D44="Yes",E44,IF(D44="Tending to yes",E44/2,IF(D44="Tending to No",F44/4,IF(D44="No",0,IF(D44="","Input Status")))))) -> 5
B45: =+B44+1 -> 38 | C45: Is there 100% implementation of fluorescent jackets worn by all in the project? | D45: Yes | E45: 5 | F45: =IF(D45="","",IF(D45="Yes",E45,IF(D45="Tending to Yes",E45,IF(D45="Tending to No",E45,IF(D45="No",E45,))))) -> 5 | G45: =IF(E45="NA","NA",IF(D45="Yes",E45,IF(D45="Tending to yes",E45/2,IF(D45="Tending to No",F45/4,IF(D45="No",0,IF(D45="","Input Status")))))) -> 5
B46: =+B45+1 -> 39 | C46: Is there 100% use of suitable hand gloves for material handling? | D46: Tending to Yes | E46: 5 | F46: =IF(D46="","",IF(D46="Yes",E46,IF(D46="Tending to Yes",E46,IF(D46="Tending to No",E46,IF(D46="No",E46,))))) -> 5 | G46: =IF(E46="NA","NA",IF(D46="Yes",E46,IF(D46="Tending to yes",E46/2,IF(D46="Tending to No",F46/4,IF(D46="No",0,IF(D46="","Input Status")))))) -> 2.5
B47: =+B46+1 -> 40 | C47: Is there 100% use of ear protection in high noise zones? | D47: Tending to Yes | E47: NA | F47: =IF(D47="","",IF(D47="Yes",E47,IF(D47="Tending to Yes",E47,IF(D47="Tending to No",E47,IF(D47="No",E47,))))) -> NA | G47: =IF(E47="NA","NA",IF(D47="Yes",E47,IF(D47="Tending to yes",E47/2,IF(D47="Tending to No",F47/4,IF(D47="No",0,IF(D47="","Input Status")))))) -> NA
B48: =+B47+1 -> 41 | C48: Are use of shoulder pads for materials shifting like reinforcement implemented? | D48: Yes | E48: 3 | F48: =IF(D48="","",IF(D48="Yes",E48,IF(D48="Tending to Yes",E48,IF(D48="Tending to No",E48,IF(D48="No",E48,))))) -> 3 | G48: =IF(E48="NA","NA",IF(D48="Yes",E48,IF(D48="Tending to yes",E48/2,IF(D48="Tending to No",F48/4,IF(D48="No",0,IF(D48="","Input Status")))))) -> 3
A49: Work at Height | B49: =+B48+1 -> 42 | C49: Are all scaffolds/ staging above 6m in height, jointly checked and agreed upon by the site technical team? | D49: Tending to Yes | E49: 5 | F49: =IF(D49="","",IF(D49="Yes",E49,IF(D49="Tending to Yes",E49,IF(D49="Tending to No",E49,IF(D49="No",E49,))))) -> 5 | G49: =IF(E49="NA","NA",IF(D49="Yes",E49,IF(D49="Tending to yes",E49/2,IF(D49="Tending to No",F49/4,IF(D49="No",0,IF(D49="","Input Status")))))) -> 2.5 | H49: =IF(SUMPRODUCT(F49:F65)=0,"NA",(SUMPRODUCT(G49:G65)/SUMPRODUCT(F49:F65))) -> 0.63888889 | I49: =IF(H49="NA","NA",IF(H49>90%,"EXCELLENT",IF(H49<60%,"BELOW AVERAGE",IF(H49<75%,"AVERAGE",IF(H49>74%,"GOOD"))))) -> AVERAGE
B50: =+B49+1 -> 43 | C50: Are all scaffolds and staging those are more than 6m height inspected and records available? | D50: Yes | E50: 5 | F50: =IF(D50="","",IF(D50="Yes",E50,IF(D50="Tending to Yes",E50,IF(D50="Tending to No",E50,IF(D50="No",E50,))))) -> 5 | G50: =IF(E50="NA","NA",IF(D50="Yes",E50,IF(D50="Tending to yes",E50/2,IF(D50="Tending to No",F50/4,IF(D50="No",0,IF(D50="","Input Status")))))) -> 5
B51: =+B50+1 -> 44 | C51: Are all work platforms provided with Toprails@42 inches and Midrails@21 inches? | D51: Tending to Yes | E51: 5 | F51: =IF(D51="","",IF(D51="Yes",E51,IF(D51="Tending to Yes",E51,IF(D51="Tending to No",E51,IF(D51="No",E51,))))) -> 5 | G51: =IF(E51="NA","NA",IF(D51="Yes",E51,IF(D51="Tending to yes",E51/2,IF(D51="Tending to No",F51/4,IF(D51="No",0,IF(D51="","Input Status")))))) -> 2.5
B52: =+B51+1 -> 45 | C52: Are all work platform/ gratings provided with complete gratings and secured/ tied to the scaffolding/ staging? | D52: Tending to Yes | E52: 5 | F52: =IF(D52="","",IF(D52="Yes",E52,IF(D52="Tending to Yes",E52,IF(D52="Tending to No",E52,IF(D52="No",E52,))))) -> 5 | G52: =IF(E52="NA","NA",IF(D52="Yes",E52,IF(D52="Tending to yes",E52/2,IF(D52="Tending to No",F52/4,IF(D52="No",0,IF(D52="","Input Status")))))) -> 2.5
B53: =+B52+1 -> 46 | C53: Are all floor openings, lift shafts, cut-outs, voids, slab edges, etc. protected adequately to prevent falls? | D53: Yes | E53: 5 | F53: =IF(D53="","",IF(D53="Yes",E53,IF(D53="Tending to Yes",E53,IF(D53="Tending to No",E53,IF(D53="No",E53,))))) -> 5 | G53: =IF(E53="NA","NA",IF(D53="Yes",E53,IF(D53="Tending to yes",E53/2,IF(D53="Tending to No",F53/4,IF(D53="No",0,IF(D53="","Input Status")))))) -> 5
B54: =+B53+1 -> 47 | C54: Are double layered hard barricades provided to all the shafts, balconies, slab edges, floor-to ceiling windows, etc.? | D54: Tending to Yes | E54: 5 | F54: =IF(D54="","",IF(D54="Yes",E54,IF(D54="Tending to Yes",E54,IF(D54="Tending to No",E54,IF(D54="No",E54,))))) -> 5 | G54: =IF(E54="NA","NA",IF(D54="Yes",E54,IF(D54="Tending to yes",E54/2,IF(D54="Tending to No",F54/4,IF(D54="No",0,IF(D54="","Input Status")))))) -> 2.5
B55: =+B54+1 -> 48 | C55: Are all floor openings/ floor edges / beam tops, chajjas, aisles, etc. kept free from loose materials? | D55: Tending to Yes | E55: 5 | F55: =IF(D55="","",IF(D55="Yes",E55,IF(D55="Tending to Yes",E55,IF(D55="Tending to No",E55,IF(D55="No",E55,))))) -> 5 | G55: =IF(E55="NA","NA",IF(D55="Yes",E55,IF(D55="Tending to yes",E55/2,IF(D55="Tending to No",F55/4,IF(D55="No",0,IF(D55="","Input Status")))))) -> 2.5
B56: =+B55+1 -> 49 | C56: Are safety nets, overhead protection, temporary covers for floor openings, etc free from debris accumulation? | E56: NA | F56: =IF(D56="","",IF(D56="Yes",E56,IF(D56="Tending to Yes",E56,IF(D56="Tending to No",E56,IF(D56="No",E56,))))) | G56: =IF(E56="NA","NA",IF(D56="Yes",E56,IF(D56="Tending to yes",E56/2,IF(D56="Tending to No",F56/4,IF(D56="No",0,IF(D56="","Input Status")))))) -> NA
B57: =+B56+1 -> 50 | C57: Are all areas where elevated works are in progress provided with strong overhead protection? | E57: NA | F57: =IF(D57="","",IF(D57="Yes",E57,IF(D57="Tending to Yes",E57,IF(D57="Tending to No",E57,IF(D57="No",E57,))))) | G57: =IF(E57="NA","NA",IF(D57="Yes",E57,IF(D57="Tending to yes",E57/2,IF(D57="Tending to No",F57/4,IF(D57="No",0,IF(D57="","Input Status")))))) -> NA
B58: =+B57+1 -> 51 | C58: Are safety nets provided in every alternative floors in each and every shaft? | E58: NA | F58: =IF(D58="","",IF(D58="Yes",E58,IF(D58="Tending to Yes",E58,IF(D58="Tending to No",E58,IF(D58="No",E58,))))) | G58: =IF(E58="NA","NA",IF(D58="Yes",E58,IF(D58="Tending to yes",E58/2,IF(D58="Tending to No",F58/4,IF(D58="No",0,IF(D58="","Input Status")))))) -> NA
B59: =+B58+1 -> 52 | C59: Are all lifeline ropes ( 16 mm dia.) provided for works at height where applicable? | D59: Yes | E59: 5 | F59: =IF(D59="","",IF(D59="Yes",E59,IF(D59="Tending to Yes",E59,IF(D59="Tending to No",E59,IF(D59="No",E59,))))) -> 5 | G59: =IF(E59="NA","NA",IF(D59="Yes",E59,IF(D59="Tending to yes",E59/2,IF(D59="Tending to No",F59/4,IF(D59="No",0,IF(D59="","Input Status")))))) -> 5
B60: =+B59+1 -> 53 | C60: Is use of fall arrestor and vertical lifelines implemented in all areas where frequent vertical movements are necessary? | E60: NA | F60: =IF(D60="","",IF(D60="Yes",E60,IF(D60="Tending to Yes",E60,IF(D60="Tending to No",E60,IF(D60="No",E60,))))) | G60: =IF(E60="NA","NA",IF(D60="Yes",E60,IF(D60="Tending to yes",E60/2,IF(D60="Tending to No",F60/4,IF(D60="No",0,IF(D60="","Input Status")))))) -> NA
B61: =+B60+1 -> 54 | C61: Are all mechanically operated man lifting devices (cradles and baskets) used as per guidelines? | E61: NA | F61: =IF(D61="","",IF(D61="Yes",E61,IF(D61="Tending to Yes",E61,IF(D61="Tending to No",E61,IF(D61="No",E61,))))) | G61: =IF(E61="NA","NA",IF(D61="Yes",E61,IF(D61="Tending to yes",E61/2,IF(D61="Tending to No",F61/4,IF(D61="No",0,IF(D61="","Input Status")))))) -> NA
B62: =+B61+1 -> 55 | C62: Are all work on roof carried out as per safe guidelines? | E62: NA | F62: =IF(D62="","",IF(D62="Yes",E62,IF(D62="Tending to Yes",E62,IF(D62="Tending to No",E62,IF(D62="No",E62,))))) | G62: =IF(E62="NA","NA",IF(D62="Yes",E62,IF(D62="Tending to yes",E62/2,IF(D62="Tending to No",F62/4,IF(D62="No",0,IF(D62="","Input Status")))))) -> NA
B63: =+B62+1 -> 56 | C63: Are approach ladders / paths to all work-platforms safe and defined? | D63: Tending to No | E63: 5 | F63: =IF(D63="","",IF(D63="Yes",E63,IF(D63="Tending to Yes",E63,IF(D63="Tending to No",E63,IF(D63="No",E63,))))) -> 5 | G63: =IF(E63="NA","NA",IF(D63="Yes",E63,IF(D63="Tending to yes",E63/2,IF(D63="Tending to No",F63/4,IF(D63="No",0,IF(D63="","Input Status")))))) -> 1.25
B64: =+B63+1 -> 57 | C64: Are all mobile scaffolds built as per safe guidelines? | E64: NA | F64: =IF(D64="","",IF(D64="Yes",E64,IF(D64="Tending to Yes",E64,IF(D64="Tending to No",E64,IF(D64="No",E64,))))) | G64: =IF(E64="NA","NA",IF(D64="Yes",E64,IF(D64="Tending to yes",E64/2,IF(D64="Tending to No",F64/4,IF(D64="No",0,IF(D64="","Input Status")))))) -> NA
B65: =+B64+1 -> 58 | C65: Are all mobile scaffolds used as per safe guidelines? | E65: NA | F65: =IF(D65="","",IF(D65="Yes",E65,IF(D65="Tending to Yes",E65,IF(D65="Tending to No",E65,IF(D65="No",E65,))))) | G65: =IF(E65="NA","NA",IF(D65="Yes",E65,IF(D65="Tending to yes",E65/2,IF(D65="Tending to No",F65/4,IF(D65="No",0,IF(D65="","Input Status")))))) -> NA
A66: Electrical | B66: =+B65+1 -> 59 | C66: Are all connections drawn through either 3 core or 4 core double insulated cables? | D66: Yes | E66: 4 | F66: =IF(D66="","",IF(D66="Yes",E66,IF(D66="Tending to Yes",E66,IF(D66="Tending to No",E66,IF(D66="No",E66,))))) -> 4 | G66: =IF(E66="NA","NA",IF(D66="Yes",E66,IF(D66="Tending to yes",E66/2,IF(D66="Tending to No",F66/4,IF(D66="No",0,IF(D66="","Input Status")))))) -> 4 | H66: =IF(SUMPRODUCT(F66:F83)=0,"NA",(SUMPRODUCT(G66:G83)/SUMPRODUCT(F66:F83))) -> 0.63888889 | I66: =IF(H66="NA","NA",IF(H66>90%,"EXCELLENT",IF(H66<60%,"BELOW AVERAGE",IF(H66<75%,"AVERAGE",IF(H66>74%,"GOOD"))))) -> AVERAGE
B67: =+B66+1 -> 60 | C67: Is site free from defective electrical installations and accessories? | D67: Tending to Yes | E67: 4 | F67: =IF(D67="","",IF(D67="Yes",E67,IF(D67="Tending to Yes",E67,IF(D67="Tending to No",E67,IF(D67="No",E67,))))) -> 4 | G67: =IF(E67="NA","NA",IF(D67="Yes",E67,IF(D67="Tending to yes",E67/2,IF(D67="Tending to No",F67/4,IF(D67="No",0,IF(D67="","Input Status")))))) -> 2
B68: =+B67+1 -> 61 | C68: Are all electrical connections routed through RCCB (30mA rating)? | D68: Yes | E68: 4 | F68: =IF(D68="","",IF(D68="Yes",E68,IF(D68="Tending to Yes",E68,IF(D68="Tending to No",E68,IF(D68="No",E68,))))) -> 4 | G68: =IF(E68="NA","NA",IF(D68="Yes",E68,IF(D68="Tending to yes",E68/2,IF(D68="Tending to No",F68/4,IF(D68="No",0,IF(D68="","Input Status")))))) -> 4
B69: =+B68+1 -> 62 | C69: Are all RCCB inspected once a month and records maintained? | D69: Yes | E69: 4 | F69: =IF(D69="","",IF(D69="Yes",E69,IF(D69="Tending to Yes",E69,IF(D69="Tending to No",E69,IF(D69="No",E69,))))) -> 4 | G69: =IF(E69="NA","NA",IF(D69="Yes",E69,IF(D69="Tending to yes",E69/2,IF(D69="Tending to No",F69/4,IF(D69="No",0,IF(D69="","Input Status")))))) -> 4
B70: =+B69+1 -> 63 | C70: Are all above ground cables routed 7 feet above the ground from insuated hooks and clips? | D70: Tending to Yes | E70: 4 | F70: =IF(D70="","",IF(D70="Yes",E70,IF(D70="Tending to Yes",E70,IF(D70="Tending to No",E70,IF(D70="No",E70,))))) -> 4 | G70: =IF(E70="NA","NA",IF(D70="Yes",E70,IF(D70="Tending to yes",E70/2,IF(D70="Tending to No",F70/4,IF(D70="No",0,IF(D70="","Input Status")))))) -> 2
B71: =+B70+1 -> 64 | C71: Are all underground cables maintained 3 feet below the ground following IEC guidelines? | D71: No | E71: 4 | F71: =IF(D71="","",IF(D71="Yes",E71,IF(D71="Tending to Yes",E71,IF(D71="Tending to No",E71,IF(D71="No",E71,))))) -> 4 | G71: =IF(E71="NA","NA",IF(D71="Yes",E71,IF(D71="Tending to yes",E71/2,IF(D71="Tending to No",F71/4,IF(D71="No",0,IF(D71="","Input Status")))))) -> 0
B72: =+B71+1 -> 65 | C72: Is site free from cables lying along the ground? | D72: Tending to Yes | E72: 4 | F72: =IF(D72="","",IF(D72="Yes",E72,IF(D72="Tending to Yes",E72,IF(D72="Tending to No",E72,IF(D72="No",E72,))))) -> 4 | G72: =IF(E72="NA","NA",IF(D72="Yes",E72,IF(D72="Tending to yes",E72/2,IF(D72="Tending to No",F72/4,IF(D72="No",0,IF(D72="","Input Status")))))) -> 2
B73: =+B72+1 -> 66 | C73: Are all the electrical installations easily approachable? | D73: Tending to No | E73: 4 | F73: =IF(D73="","",IF(D73="Yes",E73,IF(D73="Tending to Yes",E73,IF(D73="Tending to No",E73,IF(D73="No",E73,))))) -> 4 | G73: =IF(E73="NA","NA",IF(D73="Yes",E73,IF(D73="Tending to yes",E73/2,IF(D73="Tending to No",F73/4,IF(D73="No",0,IF(D73="","Input Status")))))) -> 1
B74: =+B73+1 -> 67 | C74: Are all connections drawn with industrial type plug tops? | D74: Yes | E74: 4 | F74: =IF(D74="","",IF(D74="Yes",E74,IF(D74="Tending to Yes",E74,IF(D74="Tending to No",E74,IF(D74="No",E74,))))) -> 4 | G74: =IF(E74="NA","NA",IF(D74="Yes",E74,IF(D74="Tending to yes",E74/2,IF(D74="Tending to No",F74/4,IF(D74="No",0,IF(D74="","Input Status")))))) -> 4
B75: =+B74+1 -> 68 | C75: Is an electrical rescue kit available in the site? | D75: Yes | E75: 4 | F75: =IF(D75="","",IF(D75="Yes",E75,IF(D75="Tending to Yes",E75,IF(D75="Tending to No",E75,IF(D75="No",E75,))))) -> 4 | G75: =IF(E75="NA","NA",IF(D75="Yes",E75,IF(D75="Tending to yes",E75/2,IF(D75="Tending to No",F75/4,IF(D75="No",0,IF(D75="","Input Status")))))) -> 4
B76: =+B75+1 -> 69 | C76: Are all electrical installations and equipment earthed as per IS 3043? | D76: Tending to Yes | E76: 4 | F76: =IF(D76="","",IF(D76="Yes",E76,IF(D76="Tending to Yes",E76,IF(D76="Tending to No",E76,IF(D76="No",E76,))))) -> 4 | G76: =IF(E76="NA","NA",IF(D76="Yes",E76,IF(D76="Tending to yes",E76/2,IF(D76="Tending to No",F76/4,IF(D76="No",0,IF(D76="","Input Status")))))) -> 2
B77: =+B76+1 -> 70 | C77: Is site free from electrical malpractices? | D77: Tending to Yes | E77: 4 | F77: =IF(D77="","",IF(D77="Yes",E77,IF(D77="Tending to Yes",E77,IF(D77="Tending to No",E77,IF(D77="No",E77,))))) -> 4 | G77: =IF(E77="NA","NA",IF(D77="Yes",E77,IF(D77="Tending to yes",E77/2,IF(D77="Tending to No",F77/4,IF(D77="No",0,IF(D77="","Input Status")))))) -> 2
B78: =+B77+1 -> 71 | C78: Are all electrical installations and equipment as per IP 44 (minimum) specification? | D78: Tending to No | E78: 4 | F78: =IF(D78="","",IF(D78="Yes",E78,IF(D78="Tending to Yes",E78,IF(D78="Tending to No",E78,IF(D78="No",E78,))))) -> 4 | G78: =IF(E78="NA","NA",IF(D78="Yes",E78,IF(D78="Tending to yes",E78/2,IF(D78="Tending to No",F78/4,IF(D78="No",0,IF(D78="","Input Status")))))) -> 1
... B83: =+B82+1 -> 76 | C83: Are suitable fire extinguisher in working condition located close to all the electrical installations? | D83: No | E83: 4 | F83: =IF(D83="","",IF(D83="Yes",E83,IF(D83="Tending to Yes",E83,IF(D83="Tending to No",E83,IF(D83="No",E83,))))) -> 4 | G83: =IF(E83="NA","NA",IF(D83="Yes",E83,IF(D83="Tending to yes",E83/2,IF(D83="Tending to No",F83/4,IF(D83="No",0,IF(D83="","Input Status")))))) -> 0
A84: Welding, cutting and grinding | B84: =+B83+1 -> 77 | C84: Are all welding machines equipped with local isolation switch? | D84: Yes | E84: 3 | F84: =IF(D84="","",IF(D84="Yes",E84,IF(D84="Tending to Yes",E84,IF(D84="Tending to No",E84,IF(D84="No",E84,))))) -> 3 | G84: =IF(E84="NA","NA",IF(D84="Yes",E84,IF(D84="Tending to yes",E84/2,IF(D84="Tending to No",F84/4,IF(D84="No",0,IF(D84="","Input Status")))))) -> 3 | H84: =IF(SUMPRODUCT(F84:F97)=0,"NA",(SUMPRODUCT(G84:G97)/SUMPRODUCT(F84:F97))) -> 0.71428571 | I84: =IF(H84="NA","NA",IF(H84>90%,"EXCELLENT",IF(H84<60%,"BELOW AVERAGE",IF(H84<75%,"AVERAGE",IF(H84>74%,"GOOD"))))) -> AVERAGE
B85: =+B84+1 -> 78 | C85: Are all welding cables connected using lugs, glands and having rated return cables? | D85: Tending to Yes | E85: 3 | F85: =IF(D85="","",IF(D85="Yes",E85,IF(D85="Tending to Yes",E85,IF(D85="Tending to No",E85,IF(D85="No",E85,))))) -> 3 | G85: =IF(E85="NA","NA",IF(D85="Yes",E85,IF(D85="Tending to yes",E85/2,IF(D85="Tending to No",F85/4,IF(D85="No",0,IF(D85="","Input Status")))))) -> 1.5
B86: =+B85+1 -> 79 | C86: Are all gas welding/ cutting torches and hoses provided with flash back arrestors? | D86: Yes | E86: 3 | F86: =IF(D86="","",IF(D86="Yes",E86,IF(D86="Tending to Yes",E86,IF(D86="Tending to No",E86,IF(D86="No",E86,))))) -> 3 | G86: =IF(E86="NA","NA",IF(D86="Yes",E86,IF(D86="Tending to yes",E86/2,IF(D86="Tending to No",F86/4,IF(D86="No",0,IF(D86="","Input Status")))))) -> 3
B87: =+B86+1 -> 80 | C87: Are all welders /cutters using the right glasses/ goggles,leather apron and hand gloves? | D87: Tending to No | E87: 3 | F87: =IF(D87="","",IF(D87="Yes",E87,IF(D87="Tending to Yes",E87,IF(D87="Tending to No",E87,IF(D87="No",E87,))))) -> 3 | G87: =IF(E87="NA","NA",IF(D87="Yes",E87,IF(D87="Tending to yes",E87/2,IF(D87="Tending to No",F87/4,IF(D87="No",0,IF(D87="","Input Status")))))) -> 0.75
B88: =+B87+1 -> 81 | C88: Are all cutting hoses and welding cables free from damage and defects? | D88: Tending to Yes | E88: 3 | F88: =IF(D88="","",IF(D88="Yes",E88,IF(D88="Tending to Yes",E88,IF(D88="Tending to No",E88,IF(D88="No",E88,))))) -> 3 | G88: =IF(E88="NA","NA",IF(D88="Yes",E88,IF(D88="Tending to yes",E88/2,IF(D88="Tending to No",F88/4,IF(D88="No",0,IF(D88="","Input Status")))))) -> 1.5
B89: =+B88+1 -> 82 | C89: Do all the gas cylinders have valve guards? | D89: Tending to Yes | E89: 3 | F89: =IF(D89="","",IF(D89="Yes",E89,IF(D89="Tending to Yes",E89,IF(D89="Tending to No",E89,IF(D89="No",E89,))))) -> 3 | G89: =IF(E89="NA","NA",IF(D89="Yes",E89,IF(D89="Tending to yes",E89/2,IF(D89="Tending to No",F89/4,IF(D89="No",0,IF(D89="","Input Status")))))) -> 1.5
B90: =+B89+1 -> 83 | C90: Are all Oxygen hoses blue and DA/LPG hoses red? | D90: Yes | E90: 3 | F90: =IF(D90="","",IF(D90="Yes",E90,IF(D90="Tending to Yes",E90,IF(D90="Tending to No",E90,IF(D90="No",E90,))))) -> 3 | G90: =IF(E90="NA","NA",IF(D90="Yes",E90,IF(D90="Tending to yes",E90/2,IF(D90="Tending to No",F90/4,IF(D90="No",0,IF(D90="","Input Status")))))) -> 3
B91: =+B90+1 -> 84 | C91: Are all gas cylinders provided with double gauge pressure regulators in good condition? | D91: Yes | E91: 3 | F91: =IF(D91="","",IF(D91="Yes",E91,IF(D91="Tending to Yes",E91,IF(D91="Tending to No",E91,IF(D91="No",E91,))))) -> 3 | G91: =IF(E91="NA","NA",IF(D91="Yes",E91,IF(D91="Tending to yes",E91/2,IF(D91="Tending to No",F91/4,IF(D91="No",0,IF(D91="","Input Status")))))) -> 3
B92: =+B91+1 -> 85 | C92: Are gas cylinders stored as per laid down guidelines? | D92: Tending to Yes | E92: 3 | F92: =IF(D92="","",IF(D92="Yes",E92,IF(D92="Tending to Yes",E92,IF(D92="Tending to No",E92,IF(D92="No",E92,))))) -> 3 | G92: =IF(E92="NA","NA",IF(D92="Yes",E92,IF(D92="Tending to yes",E92/2,IF(D92="Tending to No",F92/4,IF(D92="No",0,IF(D92="","Input Status")))))) -> 1.5
B93: =+B92+1 -> 86 | C93: Are all gas cylinders transported using trolleys at all times? | D93: Tending to No | E93: 3 | F93: =IF(D93="","",IF(D93="Yes",E93,IF(D93="Tending to Yes",E93,IF(D93="Tending to No",E93,IF(D93="No",E93,))))) -> 3 | G93: =IF(E93="NA","NA",IF(D93="Yes",E93,IF(D93="Tending to yes",E93/2,IF(D93="Tending to No",F93/4,IF(D93="No",0,IF(D93="","Input Status")))))) -> 0.75
B94: =+B93+1 -> 87 | C94: Are all grinding or cutting machines provided with guards? | D94: Tending to Yes | E94: 3 | F94: =IF(D94="","",IF(D94="Yes",E94,IF(D94="Tending to Yes",E94,IF(D94="Tending to No",E94,IF(D94="No",E94,))))) -> 3 | G94: =IF(E94="NA","NA",IF(D94="Yes",E94,IF(D94="Tending to yes",E94/2,IF(D94="Tending to No",F94/4,IF(D94="No",0,IF(D94="","Input Status")))))) -> 1.5
B95: =+B94+1 -> 88 | C95: Are cutting wheels of proper RPM and specification used? | D95: Yes | E95: 3 | F95: =IF(D95="","",IF(D95="Yes",E95,IF(D95="Tending to Yes",E95,IF(D95="Tending to No",E95,IF(D95="No",E95,))))) -> 3 | G95: =IF(E95="NA","NA",IF(D95="Yes",E95,IF(D95="Tending to yes",E95/2,IF(D95="Tending to No",F95/4,IF(D95="No",0,IF(D95="","Input Status")))))) -> 3
B96: =+B95+1 -> 89 | C96: Are cutting wheels stored away from direct sunlight, moisture and other contaminants? | D96: Yes | E96: 3 | F96: =IF(D96="","",IF(D96="Yes",E96,IF(D96="Tending to Yes",E96,IF(D96="Tending to No",E96,IF(D96="No",E96,))))) -> 3 | G96: =IF(E96="NA","NA",IF(D96="Yes",E96,IF(D96="Tending to yes",E96/2,IF(D96="Tending to No",F96/4,IF(D96="No",0,IF(D96="","Input Status")))))) -> 3
B97: =+B96+1 -> 90 | C97: Are the grinding wheels stored in damp free and damage proof conditions? | D97: Yes | E97: 3 | F97: =IF(D97="","",IF(D97="Yes",E97,IF(D97="Tending to Yes",E97,IF(D97="Tending to No",E97,IF(D97="No",E97,))))) -> 3 | G97: =IF(E97="NA","NA",IF(D97="Yes",E97,IF(D97="Tending to yes",E97/2,IF(D97="Tending to No",F97/4,IF(D97="No",0,IF(D97="","Input Status")))))) -> 3
A98: Vehicles, Earth movers & Lifting Equipment | B98: =+B97+1 -> 91 | C98: Are all vehicles provided with automatic reverse horn? | D98: Yes | E98: 3 | F98: =IF(D98="","",IF(D98="Yes",E98,IF(D98="Tending to Yes",E98,IF(D98="Tending to No",E98,IF(D98="No",E98,))))) -> 3 | G98: =IF(E98="NA","NA",IF(D98="Yes",E98,IF(D98="Tending to yes",E98/2,IF(D98="Tending to No",F98/4,IF(D98="No",0,IF(D98="","Input Status")))))) -> 3 | H98: =IF(SUMPRODUCT(F98:F108)=0,"NA",(SUMPRODUCT(G98:G108)/SUMPRODUCT(F98:F108))) -> 0.52272727 | I98: =IF(H98="NA","NA",IF(H98>90%,"EXCELLENT",IF(H98<60%,"BELOW AVERAGE",IF(H98<75%,"AVERAGE",IF(H98>74%,"GOOD"))))) -> BELOW AVERAGE
B99: =+B98+1 -> 92 | C99: Are all swinging equipments provided with swing alarm? | D99: No | E99: 3 | F99: =IF(D99="","",IF(D99="Yes",E99,IF(D99="Tending to Yes",E99,IF(D99="Tending to No",E99,IF(D99="No",E99,))))) -> 3 | G99: =IF(E99="NA","NA",IF(D99="Yes",E99,IF(D99="Tending to yes",E99/2,IF(D99="Tending to No",F99/4,IF(D99="No",0,IF(D99="","Input Status")))))) -> 0
B100: =+B99+1 -> 93 | C100: Are all earth moving equipments inspected periodically and findings documented? | D100: Yes | E100: 3 | F100: =IF(D100="","",IF(D100="Yes",E100,IF(D100="Tending to Yes",E100,IF(D100="Tending to No",E100,IF(D100="No",E100,))))) -> 3 | G100: =IF(E100="NA","NA",IF(D100="Yes",E100,IF(D100="Tending to yes",E100/2,IF(D100="Tending to No",F100/4,IF(D100="No",0,IF(D100="","Input Status")))))) -> 3
B101: =+B100+1 -> 94 | C101: Are all lifting equipment tested by TPLGA and the copy of certificate pasted on the equipment? | D101: Tending to Yes | E101: 3 | F101: =IF(D101="","",IF(D101="Yes",E101,IF(D101="Tending to Yes",E101,IF(D101="Tending to No",E101,IF(D101="No",E101,))))) -> 3 | G101: =IF(E101="NA","NA",IF(D101="Yes",E101,IF(D101="Tending to yes",E101/2,IF(D101="Tending to No",F101/4,IF(D101="No",0,IF(D101="","Input Status")))))) -> 1.5
B102: =+B101+1 -> 95 | C102: Are all lifting gears tested by TPLGA and the gear is colour coded? | D102: No | E102: 3 | F102: =IF(D102="","",IF(D102="Yes",E102,IF(D102="Tending to Yes",E102,IF(D102="Tending to No",E102,IF(D102="No",E102,))))) -> 3 | G102: =IF(E102="NA","NA",IF(D102="Yes",E102,IF(D102="Tending to yes",E102/2,IF(D102="Tending to No",F102/4,IF(D102="No",0,IF(D102="","Input Status")))))) -> 0
B103: =+B102+1 -> 96 | C103: Is Safe Work Load (SWL) marked on all lifting appliances? | D103: No | E103: 3 | F103: =IF(D103="","",IF(D103="Yes",E103,IF(D103="Tending to Yes",E103,IF(D103="Tending to No",E103,IF(D103="No",E103,))))) -> 3 | G103: =IF(E103="NA","NA",IF(D103="Yes",E103,IF(D103="Tending to yes",E103/2,IF(D103="Tending to No",F103/4,IF(D103="No",0,IF(D103="","Input Status")))))) -> 0
B104: =+B103+1 -> 97 | C104: Are all the lifting gears inspected periodically and findings documented? | D104: Tending to Yes | E104: 3 | F104: =IF(D104="","",IF(D104="Yes",E104,IF(D104="Tending to Yes",E104,IF(D104="Tending to No",E104,IF(D104="No",E104,))))) -> 3 | G104: =IF(E104="NA","NA",IF(D104="Yes",E104,IF(D104="Tending to yes",E104/2,IF(D104="Tending to No",F104/4,IF(D104="No",0,IF(D104="","Input Status")))))) -> 1.5
B105: =+B104+1 -> 98 | C105: Are all the lifting appliances inspected periodically and findings documented? | D105: Tending to Yes | E105: 3 | F105: =IF(D105="","",IF(D105="Yes",E105,IF(D105="Tending to Yes",E105,IF(D105="Tending to No",E105,IF(D105="No",E105,))))) -> 3 | G105: =IF(E105="NA","NA",IF(D105="Yes",E105,IF(D105="Tending to yes",E105/2,IF(D105="Tending to No",F105/4,IF(D105="No",0,IF(D105="","Input Status")))))) -> 1.5
B106: =+B105+1 -> 99 | C106: Are all the safety gadgets (limits, cut offs, indicators, preventers, accessories, etc.) available in their places? | D106: Tending to No | E106: 3 | F106: =IF(D106="","",IF(D106="Yes",E106,IF(D106="Tending to Yes",E106,IF(D106="Tending to No",E106,IF(D106="No",E106,))))) -> 3 | G106: =IF(E106="NA","NA",IF(D106="Yes",E106,IF(D106="Tending to yes",E106/2,IF(D106="Tending to No",F106/4,IF(D106="No",0,IF(D106="","Input Status")))))) -> 0.75
...

Sheet Graphs 
C4: Topic average-All sites | P4: Q-4 (24-25) | Q4: Q-3 (24-25) | R4: Q-2 (24-25) | S4: Q-1 (25-26)
A5: General Safety | B5: =UTPALAA!D176 -> 0.52941176 | C5: =AVERAGE(B5) -> 0.52941176 | O5: General Safety | P5: 0.82 | Q5: 0.81 | R5: 0.79 | S5: 0.82
A6: Housekeeping | B6: =UTPALAA!D177 -> 0.45 | C6: =AVERAGE(B6) -> 0.45 | O6: Housekeeping | P6: 0.84 | Q6: 0.86 | R6: 0.84 | S6: 0.86
A7: Personal Protective Equipment and work apparels | B7: =UTPALAA!D178 -> 0.73214286 | C7: =AVERAGE(B7) -> 0.73214286 | O7: Personal Protective Equipment and work apparels | P7: 0.79 | Q7: 0.82 | R7: 0.74 | S7: 0.78
A8: Work at Height | B8: =UTPALAA!D179 -> 0.63888889 | C8: =AVERAGE(B8) -> 0.63888889 | O8: Work at Height | P8: 0.79 | Q8: 0.78 | R8: 0.76 | S8: 0.8
A9: Electrical | B9: =UTPALAA!D180 -> 0.63888889 | C9: =AVERAGE(B9) -> 0.63888889 | O9: Electrical | P9: 0.87 | Q9: 0.88 | R9: 0.86 | S9: 0.86
A10: Welding, cutting and grinding | B10: =UTPALAA!D181 -> 0.71428571 | C10: =AVERAGE(B10) -> 0.71428571 | O10: Welding, cutting and grinding | P10: 0.86 | Q10: 0.86 | R10: 0.84 | S10: 0.87
A11: Vehicles, Earth movers & Lifting Equipment | B11: =UTPALAA!D182 -> 0.52272727 | C11: =AVERAGE(B11) -> 0.52272727 | O11: Vehicles, Earth movers & Lifting Equipment | P11: 0.84 | Q11: 0.85 | R11: 0.83 | S11: 0.84
A12: Fire Prevention/ Protection | B12: =UTPALAA!D183 -> 0.65625 | C12: =AVERAGE(B12) -> 0.65625 | O12: Fire Prevention/ Protection | P12: 0.88 | Q12: 0.89 | R12: 0.87 | S12: 0.85
A13: First Aid & Medical Facilities | B13: =UTPALAA!D184 -> 0.83333333 | C13: =AVERAGE(B13) -> 0.83333333 | O13: First Aid & Medical Facilities | P13: 0.89 | Q13: 0.86 | R13: 0.8 | S13: 0.89
A14: Welfare Facilities and labour accomodation | B14: =UTPALAA!D185 -> 0.96428571 | C14: =AVERAGE(B14) -> 0.96428571 | O14: Welfare Facilities and labour accomodation | P14: 0.89 | Q14: 0.88 | R14: 0.93 | S14: 0.89
A15: Environment Aspects | B15: =UTPALAA!D186 -> 0.5 | C15: =AVERAGE(B15) -> 0.5 | O15: Environment Aspects | P15: 0.88 | Q15: 0.88 | R15: 0.83 | S15: 0.85
A16: Piling Work | B16: =UTPALAA!D187 -> NA | C16: =AVERAGE(B16) -> #DIV/0! | O16: Piling Work | P16: 0 | Q16: 0 | R16: 0 | S16: 0.75
... A18: Hand tools (manual and power driven) | B18: =UTPALAA!D189 -> 0.875 | C18: =AVERAGE(B18) -> 0.875 | O18: Hand tools (manual and power driven) | P18: 0.84 | Q18: 0.91 | R18: 0.91 | S18: 0.88
B19: =AVERAGE(B5:B18) -> 0.67501649 | C19: =AVERAGE(B19) -> 0.67501649
B20: =UTPALAA!C171 -> 0.67030361 | C20: =AVERAGE(B20:B20) -> 0.67030361
